0,ExchangeAgent
1,NoiseAgent
2,NoiseAgent
3,NoiseAgent
4,NoiseAgent
5,NoiseAgent
6,NoiseAgent
7,NoiseAgent
8,NoiseAgent
9,NoiseAgent
10,NoiseAgent
11,NoiseAgent
12,NoiseAgent
13,NoiseAgent
14,NoiseAgent
15,NoiseAgent
16,NoiseAgent
17,NoiseAgent
18,NoiseAgent
19,NoiseAgent
20,NoiseAgent
21,NoiseAgent
22,NoiseAgent
23,NoiseAgent
24,NoiseAgent
25,NoiseAgent
26,NoiseAgent
27,NoiseAgent
28,NoiseAgent
29,NoiseAgent
30,NoiseAgent
31,NoiseAgent
32,NoiseAgent
33,NoiseAgent
34,NoiseAgent
35,NoiseAgent
36,NoiseAgent
37,NoiseAgent
38,NoiseAgent
39,NoiseAgent
40,NoiseAgent
41,NoiseAgent
42,NoiseAgent
43,NoiseAgent
44,NoiseAgent
45,NoiseAgent
46,NoiseAgent
47,NoiseAgent
48,NoiseAgent
49,NoiseAgent
50,NoiseAgent
51,NoiseAgent
52,NoiseAgent
53,NoiseAgent
54,NoiseAgent
55,NoiseAgent
56,NoiseAgent
57,NoiseAgent
58,NoiseAgent
59,NoiseAgent
60,NoiseAgent
61,NoiseAgent
62,NoiseAgent
63,NoiseAgent
64,NoiseAgent
65,NoiseAgent
66,NoiseAgent
67,NoiseAgent
68,NoiseAgent
69,NoiseAgent
70,NoiseAgent
71,NoiseAgent
72,NoiseAgent
73,NoiseAgent
74,NoiseAgent
75,NoiseAgent
76,NoiseAgent
77,NoiseAgent
78,NoiseAgent
79,NoiseAgent
80,NoiseAgent
81,NoiseAgent
82,NoiseAgent
83,NoiseAgent
84,NoiseAgent
85,NoiseAgent
86,NoiseAgent
87,NoiseAgent
88,NoiseAgent
89,NoiseAgent
90,NoiseAgent
91,NoiseAgent
92,NoiseAgent
93,NoiseAgent
94,NoiseAgent
95,NoiseAgent
96,NoiseAgent
97,NoiseAgent
98,NoiseAgent
99,NoiseAgent
100,NoiseAgent
101,NoiseAgent
102,NoiseAgent
103,NoiseAgent
104,NoiseAgent
105,NoiseAgent
106,NoiseAgent
107,NoiseAgent
108,NoiseAgent
109,NoiseAgent
110,NoiseAgent
111,NoiseAgent
112,NoiseAgent
113,NoiseAgent
114,NoiseAgent
115,NoiseAgent
116,NoiseAgent
117,NoiseAgent
118,NoiseAgent
119,NoiseAgent
120,NoiseAgent
121,NoiseAgent
122,NoiseAgent
123,NoiseAgent
124,NoiseAgent
125,NoiseAgent
126,NoiseAgent
127,NoiseAgent
128,NoiseAgent
129,NoiseAgent
130,NoiseAgent
131,NoiseAgent
132,NoiseAgent
133,NoiseAgent
134,NoiseAgent
135,NoiseAgent
136,NoiseAgent
137,NoiseAgent
138,NoiseAgent
139,NoiseAgent
140,NoiseAgent
141,NoiseAgent
142,NoiseAgent
143,NoiseAgent
144,NoiseAgent
145,NoiseAgent
146,NoiseAgent
147,NoiseAgent
148,NoiseAgent
149,NoiseAgent
150,NoiseAgent
151,NoiseAgent
152,NoiseAgent
153,NoiseAgent
154,NoiseAgent
155,NoiseAgent
156,NoiseAgent
157,NoiseAgent
158,NoiseAgent
159,NoiseAgent
160,NoiseAgent
161,NoiseAgent
162,NoiseAgent
163,NoiseAgent
164,NoiseAgent
165,NoiseAgent
166,NoiseAgent
167,NoiseAgent
168,NoiseAgent
169,NoiseAgent
170,NoiseAgent
171,NoiseAgent
172,NoiseAgent
173,NoiseAgent
174,NoiseAgent
175,NoiseAgent
176,NoiseAgent
177,NoiseAgent
178,NoiseAgent
179,NoiseAgent
180,NoiseAgent
181,NoiseAgent
182,NoiseAgent
183,NoiseAgent
184,NoiseAgent
185,NoiseAgent
186,NoiseAgent
187,NoiseAgent
188,NoiseAgent
189,NoiseAgent
190,NoiseAgent
191,NoiseAgent
192,NoiseAgent
193,NoiseAgent
194,NoiseAgent
195,NoiseAgent
196,NoiseAgent
197,NoiseAgent
198,NoiseAgent
199,NoiseAgent
200,NoiseAgent
201,NoiseAgent
202,NoiseAgent
203,NoiseAgent
204,NoiseAgent
205,NoiseAgent
206,NoiseAgent
207,NoiseAgent
208,NoiseAgent
209,NoiseAgent
210,NoiseAgent
211,NoiseAgent
212,NoiseAgent
213,NoiseAgent
214,NoiseAgent
215,NoiseAgent
216,NoiseAgent
217,NoiseAgent
218,NoiseAgent
219,NoiseAgent
220,NoiseAgent
221,NoiseAgent
222,NoiseAgent
223,NoiseAgent
224,NoiseAgent
225,NoiseAgent
226,NoiseAgent
227,NoiseAgent
228,NoiseAgent
229,NoiseAgent
230,NoiseAgent
231,NoiseAgent
232,NoiseAgent
233,NoiseAgent
234,NoiseAgent
235,NoiseAgent
236,NoiseAgent
237,NoiseAgent
238,NoiseAgent
239,NoiseAgent
240,NoiseAgent
241,NoiseAgent
242,NoiseAgent
243,NoiseAgent
244,NoiseAgent
245,NoiseAgent
246,NoiseAgent
247,NoiseAgent
248,NoiseAgent
249,NoiseAgent
250,NoiseAgent
251,NoiseAgent
252,NoiseAgent
253,NoiseAgent
254,NoiseAgent
255,NoiseAgent
256,NoiseAgent
257,NoiseAgent
258,NoiseAgent
259,NoiseAgent
260,NoiseAgent
261,NoiseAgent
262,NoiseAgent
263,NoiseAgent
264,NoiseAgent
265,NoiseAgent
266,NoiseAgent
267,NoiseAgent
268,NoiseAgent
269,NoiseAgent
270,NoiseAgent
271,NoiseAgent
272,NoiseAgent
273,NoiseAgent
274,NoiseAgent
275,NoiseAgent
276,NoiseAgent
277,NoiseAgent
278,NoiseAgent
279,NoiseAgent
280,NoiseAgent
281,NoiseAgent
282,NoiseAgent
283,NoiseAgent
284,NoiseAgent
285,NoiseAgent
286,NoiseAgent
287,NoiseAgent
288,NoiseAgent
289,NoiseAgent
290,NoiseAgent
291,NoiseAgent
292,NoiseAgent
293,NoiseAgent
294,NoiseAgent
295,NoiseAgent
296,NoiseAgent
297,NoiseAgent
298,NoiseAgent
299,NoiseAgent
300,NoiseAgent
301,NoiseAgent
302,NoiseAgent
303,NoiseAgent
304,NoiseAgent
305,NoiseAgent
306,NoiseAgent
307,NoiseAgent
308,NoiseAgent
309,NoiseAgent
310,NoiseAgent
311,NoiseAgent
312,NoiseAgent
313,NoiseAgent
314,NoiseAgent
315,NoiseAgent
316,NoiseAgent
317,NoiseAgent
318,NoiseAgent
319,NoiseAgent
320,NoiseAgent
321,NoiseAgent
322,NoiseAgent
323,NoiseAgent
324,NoiseAgent
325,NoiseAgent
326,NoiseAgent
327,NoiseAgent
328,NoiseAgent
329,NoiseAgent
330,NoiseAgent
331,NoiseAgent
332,NoiseAgent
333,NoiseAgent
334,NoiseAgent
335,NoiseAgent
336,NoiseAgent
337,NoiseAgent
338,NoiseAgent
339,NoiseAgent
340,NoiseAgent
341,NoiseAgent
342,NoiseAgent
343,NoiseAgent
344,NoiseAgent
345,NoiseAgent
346,NoiseAgent
347,NoiseAgent
348,NoiseAgent
349,NoiseAgent
350,NoiseAgent
351,NoiseAgent
352,NoiseAgent
353,NoiseAgent
354,NoiseAgent
355,NoiseAgent
356,NoiseAgent
357,NoiseAgent
358,NoiseAgent
359,NoiseAgent
360,NoiseAgent
361,NoiseAgent
362,NoiseAgent
363,NoiseAgent
364,NoiseAgent
365,NoiseAgent
366,NoiseAgent
367,NoiseAgent
368,NoiseAgent
369,NoiseAgent
370,NoiseAgent
371,NoiseAgent
372,NoiseAgent
373,NoiseAgent
374,NoiseAgent
375,NoiseAgent
376,NoiseAgent
377,NoiseAgent
378,NoiseAgent
379,NoiseAgent
380,NoiseAgent
381,NoiseAgent
382,NoiseAgent
383,NoiseAgent
384,NoiseAgent
385,NoiseAgent
386,NoiseAgent
387,NoiseAgent
388,NoiseAgent
389,NoiseAgent
390,NoiseAgent
391,NoiseAgent
392,NoiseAgent
393,NoiseAgent
394,NoiseAgent
395,NoiseAgent
396,NoiseAgent
397,NoiseAgent
398,NoiseAgent
399,NoiseAgent
400,NoiseAgent
401,NoiseAgent
402,NoiseAgent
403,NoiseAgent
404,NoiseAgent
405,NoiseAgent
406,NoiseAgent
407,NoiseAgent
408,NoiseAgent
409,NoiseAgent
410,NoiseAgent
411,NoiseAgent
412,NoiseAgent
413,NoiseAgent
414,NoiseAgent
415,NoiseAgent
416,NoiseAgent
417,NoiseAgent
418,NoiseAgent
419,NoiseAgent
420,NoiseAgent
421,NoiseAgent
422,NoiseAgent
423,NoiseAgent
424,NoiseAgent
425,NoiseAgent
426,NoiseAgent
427,NoiseAgent
428,NoiseAgent
429,NoiseAgent
430,NoiseAgent
431,NoiseAgent
432,NoiseAgent
433,NoiseAgent
434,NoiseAgent
435,NoiseAgent
436,NoiseAgent
437,NoiseAgent
438,NoiseAgent
439,NoiseAgent
440,NoiseAgent
441,NoiseAgent
442,NoiseAgent
443,NoiseAgent
444,NoiseAgent
445,NoiseAgent
446,NoiseAgent
447,NoiseAgent
448,NoiseAgent
449,NoiseAgent
450,NoiseAgent
451,NoiseAgent
452,NoiseAgent
453,NoiseAgent
454,NoiseAgent
455,NoiseAgent
456,NoiseAgent
457,NoiseAgent
458,NoiseAgent
459,NoiseAgent
460,NoiseAgent
461,NoiseAgent
462,NoiseAgent
463,NoiseAgent
464,NoiseAgent
465,NoiseAgent
466,NoiseAgent
467,NoiseAgent
468,NoiseAgent
469,NoiseAgent
470,NoiseAgent
471,NoiseAgent
472,NoiseAgent
473,NoiseAgent
474,NoiseAgent
475,NoiseAgent
476,NoiseAgent
477,NoiseAgent
478,NoiseAgent
479,NoiseAgent
480,NoiseAgent
481,NoiseAgent
482,NoiseAgent
483,NoiseAgent
484,NoiseAgent
485,NoiseAgent
486,NoiseAgent
487,NoiseAgent
488,NoiseAgent
489,NoiseAgent
490,NoiseAgent
491,NoiseAgent
492,NoiseAgent
493,NoiseAgent
494,NoiseAgent
495,NoiseAgent
496,NoiseAgent
497,NoiseAgent
498,NoiseAgent
499,NoiseAgent
500,NoiseAgent
501,NoiseAgent
502,NoiseAgent
503,NoiseAgent
504,NoiseAgent
505,NoiseAgent
506,NoiseAgent
507,NoiseAgent
508,NoiseAgent
509,NoiseAgent
510,NoiseAgent
511,NoiseAgent
512,NoiseAgent
513,NoiseAgent
514,NoiseAgent
515,NoiseAgent
516,NoiseAgent
517,NoiseAgent
518,NoiseAgent
519,NoiseAgent
520,NoiseAgent
521,NoiseAgent
522,NoiseAgent
523,NoiseAgent
524,NoiseAgent
525,NoiseAgent
526,NoiseAgent
527,NoiseAgent
528,NoiseAgent
529,NoiseAgent
530,NoiseAgent
531,NoiseAgent
532,NoiseAgent
533,NoiseAgent
534,NoiseAgent
535,NoiseAgent
536,NoiseAgent
537,NoiseAgent
538,NoiseAgent
539,NoiseAgent
540,NoiseAgent
541,NoiseAgent
542,NoiseAgent
543,NoiseAgent
544,NoiseAgent
545,NoiseAgent
546,NoiseAgent
547,NoiseAgent
548,NoiseAgent
549,NoiseAgent
550,NoiseAgent
551,NoiseAgent
552,NoiseAgent
553,NoiseAgent
554,NoiseAgent
555,NoiseAgent
556,NoiseAgent
557,NoiseAgent
558,NoiseAgent
559,NoiseAgent
560,NoiseAgent
561,NoiseAgent
562,NoiseAgent
563,NoiseAgent
564,NoiseAgent
565,NoiseAgent
566,NoiseAgent
567,NoiseAgent
568,NoiseAgent
569,NoiseAgent
570,NoiseAgent
571,NoiseAgent
572,NoiseAgent
573,NoiseAgent
574,NoiseAgent
575,NoiseAgent
576,NoiseAgent
577,NoiseAgent
578,NoiseAgent
579,NoiseAgent
580,NoiseAgent
581,NoiseAgent
582,NoiseAgent
583,NoiseAgent
584,NoiseAgent
585,NoiseAgent
586,NoiseAgent
587,NoiseAgent
588,NoiseAgent
589,NoiseAgent
590,NoiseAgent
591,NoiseAgent
592,NoiseAgent
593,NoiseAgent
594,NoiseAgent
595,NoiseAgent
596,NoiseAgent
597,NoiseAgent
598,NoiseAgent
599,NoiseAgent
600,NoiseAgent
601,NoiseAgent
602,NoiseAgent
603,NoiseAgent
604,NoiseAgent
605,NoiseAgent
606,NoiseAgent
607,NoiseAgent
608,NoiseAgent
609,NoiseAgent
610,NoiseAgent
611,NoiseAgent
612,NoiseAgent
613,NoiseAgent
614,NoiseAgent
615,NoiseAgent
616,NoiseAgent
617,NoiseAgent
618,NoiseAgent
619,NoiseAgent
620,NoiseAgent
621,NoiseAgent
622,NoiseAgent
623,NoiseAgent
624,NoiseAgent
625,NoiseAgent
626,NoiseAgent
627,NoiseAgent
628,NoiseAgent
629,NoiseAgent
630,NoiseAgent
631,NoiseAgent
632,NoiseAgent
633,NoiseAgent
634,NoiseAgent
635,NoiseAgent
636,NoiseAgent
637,NoiseAgent
638,NoiseAgent
639,NoiseAgent
640,NoiseAgent
641,NoiseAgent
642,NoiseAgent
643,NoiseAgent
644,NoiseAgent
645,NoiseAgent
646,NoiseAgent
647,NoiseAgent
648,NoiseAgent
649,NoiseAgent
650,NoiseAgent
651,NoiseAgent
652,NoiseAgent
653,NoiseAgent
654,NoiseAgent
655,NoiseAgent
656,NoiseAgent
657,NoiseAgent
658,NoiseAgent
659,NoiseAgent
660,NoiseAgent
661,NoiseAgent
662,NoiseAgent
663,NoiseAgent
664,NoiseAgent
665,NoiseAgent
666,NoiseAgent
667,NoiseAgent
668,NoiseAgent
669,NoiseAgent
670,NoiseAgent
671,NoiseAgent
672,NoiseAgent
673,NoiseAgent
674,NoiseAgent
675,NoiseAgent
676,NoiseAgent
677,NoiseAgent
678,NoiseAgent
679,NoiseAgent
680,NoiseAgent
681,NoiseAgent
682,NoiseAgent
683,NoiseAgent
684,NoiseAgent
685,NoiseAgent
686,NoiseAgent
687,NoiseAgent
688,NoiseAgent
689,NoiseAgent
690,NoiseAgent
691,NoiseAgent
692,NoiseAgent
693,NoiseAgent
694,NoiseAgent
695,NoiseAgent
696,NoiseAgent
697,NoiseAgent
698,NoiseAgent
699,NoiseAgent
700,NoiseAgent
701,NoiseAgent
702,NoiseAgent
703,NoiseAgent
704,NoiseAgent
705,NoiseAgent
706,NoiseAgent
707,NoiseAgent
708,NoiseAgent
709,NoiseAgent
710,NoiseAgent
711,NoiseAgent
712,NoiseAgent
713,NoiseAgent
714,NoiseAgent
715,NoiseAgent
716,NoiseAgent
717,NoiseAgent
718,NoiseAgent
719,NoiseAgent
720,NoiseAgent
721,NoiseAgent
722,NoiseAgent
723,NoiseAgent
724,NoiseAgent
725,NoiseAgent
726,NoiseAgent
727,NoiseAgent
728,NoiseAgent
729,NoiseAgent
730,NoiseAgent
731,NoiseAgent
732,NoiseAgent
733,NoiseAgent
734,NoiseAgent
735,NoiseAgent
736,NoiseAgent
737,NoiseAgent
738,NoiseAgent
739,NoiseAgent
740,NoiseAgent
741,NoiseAgent
742,NoiseAgent
743,NoiseAgent
744,NoiseAgent
745,NoiseAgent
746,NoiseAgent
747,NoiseAgent
748,NoiseAgent
749,NoiseAgent
750,NoiseAgent
751,NoiseAgent
752,NoiseAgent
753,NoiseAgent
754,NoiseAgent
755,NoiseAgent
756,NoiseAgent
757,NoiseAgent
758,NoiseAgent
759,NoiseAgent
760,NoiseAgent
761,NoiseAgent
762,NoiseAgent
763,NoiseAgent
764,NoiseAgent
765,NoiseAgent
766,NoiseAgent
767,NoiseAgent
768,NoiseAgent
769,NoiseAgent
770,NoiseAgent
771,NoiseAgent
772,NoiseAgent
773,NoiseAgent
774,NoiseAgent
775,NoiseAgent
776,NoiseAgent
777,NoiseAgent
778,NoiseAgent
779,NoiseAgent
780,NoiseAgent
781,NoiseAgent
782,NoiseAgent
783,NoiseAgent
784,NoiseAgent
785,NoiseAgent
786,NoiseAgent
787,NoiseAgent
788,NoiseAgent
789,NoiseAgent
790,NoiseAgent
791,NoiseAgent
792,NoiseAgent
793,NoiseAgent
794,NoiseAgent
795,NoiseAgent
796,NoiseAgent
797,NoiseAgent
798,NoiseAgent
799,NoiseAgent
800,NoiseAgent
801,NoiseAgent
802,NoiseAgent
803,NoiseAgent
804,NoiseAgent
805,NoiseAgent
806,NoiseAgent
807,NoiseAgent
808,NoiseAgent
809,NoiseAgent
810,NoiseAgent
811,NoiseAgent
812,NoiseAgent
813,NoiseAgent
814,NoiseAgent
815,NoiseAgent
816,NoiseAgent
817,NoiseAgent
818,NoiseAgent
819,NoiseAgent
820,NoiseAgent
821,NoiseAgent
822,NoiseAgent
823,NoiseAgent
824,NoiseAgent
825,NoiseAgent
826,NoiseAgent
827,NoiseAgent
828,NoiseAgent
829,NoiseAgent
830,NoiseAgent
831,NoiseAgent
832,NoiseAgent
833,NoiseAgent
834,NoiseAgent
835,NoiseAgent
836,NoiseAgent
837,NoiseAgent
838,NoiseAgent
839,NoiseAgent
840,NoiseAgent
841,NoiseAgent
842,NoiseAgent
843,NoiseAgent
844,NoiseAgent
845,NoiseAgent
846,NoiseAgent
847,NoiseAgent
848,NoiseAgent
849,NoiseAgent
850,NoiseAgent
851,NoiseAgent
852,NoiseAgent
853,NoiseAgent
854,NoiseAgent
855,NoiseAgent
856,NoiseAgent
857,NoiseAgent
858,NoiseAgent
859,NoiseAgent
860,NoiseAgent
861,NoiseAgent
862,NoiseAgent
863,NoiseAgent
864,NoiseAgent
865,NoiseAgent
866,NoiseAgent
867,NoiseAgent
868,NoiseAgent
869,NoiseAgent
870,NoiseAgent
871,NoiseAgent
872,NoiseAgent
873,NoiseAgent
874,NoiseAgent
875,NoiseAgent
876,NoiseAgent
877,NoiseAgent
878,NoiseAgent
879,NoiseAgent
880,NoiseAgent
881,NoiseAgent
882,NoiseAgent
883,NoiseAgent
884,NoiseAgent
885,NoiseAgent
886,NoiseAgent
887,NoiseAgent
888,NoiseAgent
889,NoiseAgent
890,NoiseAgent
891,NoiseAgent
892,NoiseAgent
893,NoiseAgent
894,NoiseAgent
895,NoiseAgent
896,NoiseAgent
897,NoiseAgent
898,NoiseAgent
899,NoiseAgent
900,NoiseAgent
901,NoiseAgent
902,NoiseAgent
903,NoiseAgent
904,NoiseAgent
905,NoiseAgent
906,NoiseAgent
907,NoiseAgent
908,NoiseAgent
909,NoiseAgent
910,NoiseAgent
911,NoiseAgent
912,NoiseAgent
913,NoiseAgent
914,NoiseAgent
915,NoiseAgent
916,NoiseAgent
917,NoiseAgent
918,NoiseAgent
919,NoiseAgent
920,NoiseAgent
921,NoiseAgent
922,NoiseAgent
923,NoiseAgent
924,NoiseAgent
925,NoiseAgent
926,NoiseAgent
927,NoiseAgent
928,NoiseAgent
929,NoiseAgent
930,NoiseAgent
931,NoiseAgent
932,NoiseAgent
933,NoiseAgent
934,NoiseAgent
935,NoiseAgent
936,NoiseAgent
937,NoiseAgent
938,NoiseAgent
939,NoiseAgent
940,NoiseAgent
941,NoiseAgent
942,NoiseAgent
943,NoiseAgent
944,NoiseAgent
945,NoiseAgent
946,NoiseAgent
947,NoiseAgent
948,NoiseAgent
949,NoiseAgent
950,NoiseAgent
951,NoiseAgent
952,NoiseAgent
953,NoiseAgent
954,NoiseAgent
955,NoiseAgent
956,NoiseAgent
957,NoiseAgent
958,NoiseAgent
959,NoiseAgent
960,NoiseAgent
961,NoiseAgent
962,NoiseAgent
963,NoiseAgent
964,NoiseAgent
965,NoiseAgent
966,NoiseAgent
967,NoiseAgent
968,NoiseAgent
969,NoiseAgent
970,NoiseAgent
971,NoiseAgent
972,NoiseAgent
973,NoiseAgent
974,NoiseAgent
975,NoiseAgent
976,NoiseAgent
977,NoiseAgent
978,NoiseAgent
979,NoiseAgent
980,NoiseAgent
981,NoiseAgent
982,NoiseAgent
983,NoiseAgent
984,NoiseAgent
985,NoiseAgent
986,NoiseAgent
987,NoiseAgent
988,NoiseAgent
989,NoiseAgent
990,NoiseAgent
991,NoiseAgent
992,NoiseAgent
993,NoiseAgent
994,NoiseAgent
995,NoiseAgent
996,NoiseAgent
997,NoiseAgent
998,NoiseAgent
999,NoiseAgent
1000,NoiseAgent
1001,ValueAgent
1002,ValueAgent
1003,ValueAgent
1004,ValueAgent
1005,ValueAgent
1006,ValueAgent
1007,ValueAgent
1008,ValueAgent
1009,ValueAgent
1010,ValueAgent
1011,ValueAgent
1012,ValueAgent
1013,ValueAgent
1014,ValueAgent
1015,ValueAgent
1016,ValueAgent
1017,ValueAgent
1018,ValueAgent
1019,ValueAgent
1020,ValueAgent
1021,ValueAgent
1022,ValueAgent
1023,ValueAgent
1024,ValueAgent
1025,ValueAgent
1026,ValueAgent
1027,ValueAgent
1028,ValueAgent
1029,ValueAgent
1030,ValueAgent
1031,ValueAgent
1032,ValueAgent
1033,ValueAgent
1034,ValueAgent
1035,ValueAgent
1036,ValueAgent
1037,ValueAgent
1038,ValueAgent
1039,ValueAgent
1040,ValueAgent
1041,ValueAgent
1042,ValueAgent
1043,ValueAgent
1044,ValueAgent
1045,ValueAgent
1046,ValueAgent
1047,ValueAgent
1048,ValueAgent
1049,ValueAgent
1050,ValueAgent
1051,ValueAgent
1052,ValueAgent
1053,ValueAgent
1054,ValueAgent
1055,ValueAgent
1056,ValueAgent
1057,ValueAgent
1058,ValueAgent
1059,ValueAgent
1060,ValueAgent
1061,ValueAgent
1062,ValueAgent
1063,ValueAgent
1064,ValueAgent
1065,ValueAgent
1066,ValueAgent
1067,ValueAgent
1068,ValueAgent
1069,ValueAgent
1070,ValueAgent
1071,ValueAgent
1072,ValueAgent
1073,ValueAgent
1074,ValueAgent
1075,ValueAgent
1076,ValueAgent
1077,ValueAgent
1078,ValueAgent
1079,ValueAgent
1080,ValueAgent
1081,ValueAgent
1082,ValueAgent
1083,ValueAgent
1084,ValueAgent
1085,ValueAgent
1086,ValueAgent
1087,ValueAgent
1088,ValueAgent
1089,ValueAgent
1090,ValueAgent
1091,ValueAgent
1092,ValueAgent
1093,ValueAgent
1094,ValueAgent
1095,ValueAgent
1096,ValueAgent
1097,ValueAgent
1098,ValueAgent
1099,ValueAgent
1100,ValueAgent
1101,ValueAgent
1102,ValueAgent
1103,AdaptivePOVMarketMakerAgent
1104,AdaptivePOVMarketMakerAgent
1105,MomentumAgent
1106,MomentumAgent
1107,MomentumAgent
1108,MomentumAgent
1109,MomentumAgent
1110,MomentumAgent
1111,MomentumAgent
1112,MomentumAgent
1113,MomentumAgent
1114,MomentumAgent
1115,MomentumAgent
1116,MomentumAgent
1117,ExecutionAgent
